"Oct 09, 2018","1,090.05","1,118.80","1,122.75","1,081.70","10.99M","-1.74%"
"Oct 08, 2018","1,109.40","1,050.00","1,117.00","1,025.55","24.68M","5.77%"
"Oct 05, 2018","1,048.85","1,099.50","1,115.30","1,038.15","21.94M","-6.54%"
"Oct 04, 2018","1,122.25","1,189.50","1,190.40","1,106.00","23.21M","-6.87%"
"Oct 03, 2018","1,205.10","1,229.50","1,239.60","1,200.05","7.38M","-2.16%"
"Oct 01, 2018","1,231.70","1,257.70","1,257.70","1,204.00","7.33M","-2.09%"
"Sep 28, 2018","1,257.95","1,259.90","1,271.70","1,247.30","11.07M","0.33%"
"Sep 27, 2018","1,253.75","1,255.00","1,263.00","1,237.50","10.81M","0.19%"
"Sep 26, 2018","1,251.40","1,239.00","1,253.95","1,227.15","6.40M","1.69%"
"Sep 25, 2018","1,230.60","1,235.50","1,245.00","1,195.00","9.72M","-0.12%"
"Sep 24, 2018","1,232.05","1,214.45","1,239.90","1,204.50","10.10M","1.20%"
"Sep 21, 2018","1,217.50","1,219.00","1,237.40","1,183.50","19.07M","0.56%"
"Sep 19, 2018","1,210.75","1,224.00","1,224.00","1,201.00","11.27M","-0.53%"
"Sep 18, 2018","1,217.15","1,226.00","1,239.40","1,214.35","7.62M","-0.71%"
"Sep 17, 2018","1,225.90","1,250.75","1,250.75","1,221.60","6.75M","-2.17%"
"Sep 14, 2018","1,253.15","1,259.40","1,275.60","1,247.65","7.88M","0.05%"
"Sep 12, 2018","1,252.50","1,251.80","1,258.70","1,228.85","8.07M","1.20%"
"Sep 11, 2018","1,237.70","1,259.00","1,268.40","1,234.25","10.87M","-1.45%"
"Sep 10, 2018","1,255.85","1,275.00","1,277.00","1,250.10","7.06M","-1.78%"
"Sep 07, 2018","1,278.60","1,264.90","1,281.35","1,254.50","10.69M","1.36%"
"Sep 06, 2018","1,261.40","1,230.15","1,265.70","1,225.35","11.20M","2.80%"
"Sep 05, 2018","1,227.00","1,242.50","1,252.65","1,208.50","10.32M","-1.20%"
"Sep 04, 2018","1,241.95","1,235.15","1,254.80","1,229.00","8.84M","1.04%"
"Sep 03, 2018","1,229.15","1,245.00","1,257.90","1,226.05","12.20M","-1.01%"
"Aug 31, 2018","1,241.65","1,270.00","1,270.00","1,236.60","15.31M","-2.57%"
"Aug 30, 2018","1,274.45","1,293.60","1,297.15","1,270.45","9.85M","-1.53%"
"Aug 29, 2018","1,294.20","1,316.30","1,329.00","1,290.20","11.08M","-1.88%"
"Aug 28, 2018","1,319.00","1,296.00","1,323.00","1,295.00","8.69M","2.13%"
"Aug 27, 2018","1,291.50","1,279.40","1,295.85","1,278.75","5.57M","1.10%"
"Aug 24, 2018","1,277.50","1,265.25","1,279.95","1,260.05","6.65M","0.63%"
"Aug 23, 2018","1,269.45","1,246.30","1,274.00","1,238.40","7.97M","1.78%"
"Aug 21, 2018","1,247.20","1,237.25","1,251.50","1,227.00","7.28M","1.00%"
"Aug 20, 2018","1,234.90","1,207.90","1,236.80","1,207.65","7.61M","2.59%"
"Aug 17, 2018","1,203.75","1,209.00","1,215.40","1,200.05","3.83M","0.25%"
"Aug 16, 2018","1,200.80","1,203.25","1,216.00","1,195.50","5.98M","-0.81%"
"Aug 14, 2018","1,210.60","1,190.00","1,217.20","1,184.30","5.30M","1.93%"
"Aug 13, 2018","1,187.70","1,197.55","1,199.95","1,182.70","4.67M","-1.37%"
"Aug 10, 2018","1,204.20","1,211.00","1,215.00","1,202.30","3.58M","-1.13%"
"Aug 09, 2018","1,217.95","1,221.50","1,231.70","1,212.00","6.85M","0.02%"
"Aug 08, 2018","1,217.70","1,185.00","1,222.50","1,185.00","7.91M","2.83%"
"Aug 07, 2018","1,184.20","1,194.90","1,201.40","1,177.00","4.06M","-0.70%"
"Aug 06, 2018","1,192.60","1,176.70","1,196.00","1,175.35","4.02M","1.33%"
"Aug 03, 2018","1,176.95","1,175.00","1,183.50","1,169.55","6.65M","0.74%"
"Aug 02, 2018","1,168.35","1,191.50","1,191.50","1,165.95","6.25M","-2.01%"
"Aug 01, 2018","1,192.35","1,190.40","1,202.90","1,185.40","9.70M","0.54%"
"Jul 31, 2018","1,186.00","1,151.00","1,190.40","1,147.15","13.88M","3.01%"
"Jul 30, 2018","1,151.40","1,130.00","1,157.30","1,128.00","13.87M","1.91%"
"Jul 27, 2018","1,129.85","1,119.50","1,137.40","1,112.15","6.68M","1.73%"
"Jul 26, 2018","1,110.65","1,110.10","1,121.50","1,107.80","6.42M","-0.40%"
"Jul 25, 2018","1,115.15","1,110.00","1,123.00","1,104.20","5.95M","0.38%"
"Jul 24, 2018","1,110.95","1,122.00","1,126.75","1,107.40","4.47M","-0.83%"
"Jul 23, 2018","1,120.30","1,129.80","1,129.80","1,113.10","5.84M","-0.74%"
"Jul 20, 2018","1,128.65","1,113.40","1,138.50","1,111.90","8.02M","2.15%"
"Jul 19, 2018","1,104.85","1,093.30","1,115.00","1,086.35","5.43M","1.13%"
"Jul 18, 2018","1,092.55","1,098.40","1,104.60","1,077.30","4.68M","0.02%"
"Jul 17, 2018","1,092.35","1,078.30","1,095.95","1,069.60","6.47M","1.50%"
"Jul 16, 2018","1,076.20","1,099.80","1,108.90","1,073.05","6.60M","-2.15%"
"Jul 13, 2018","1,099.80","1,080.50","1,109.00","1,080.00","17.97M","1.61%"
"Jul 12, 2018","1,082.35","1,044.35","1,099.00","1,042.60","24.11M","4.19%"
"Jul 11, 2018","1,038.80","1,025.00","1,040.90","1,017.85","8.67M","1.28%"
"Jul 10, 2018","1,025.70","1,002.75","1,028.50","1,000.00","10.44M","2.87%"
"Jul 09, 2018","997.10","987.10","1,000.00","983.50","5.17M","2.00%"
"Jul 06, 2018","977.55","964.75","983.00","964.50","9.16M","1.35%"
"Jul 05, 2018","964.50","997.00","1,008.40","958.60","18.72M","-2.59%"
"Jul 04, 2018","990.10","971.80","992.00","971.00","5.00M","1.94%"
"Jul 03, 2018","971.30","965.00","978.45","960.35","5.07M","1.11%"
"Jul 02, 2018","960.60","972.35","972.35","957.00","6.66M","-1.22%"
"Jun 29, 2018","972.45","949.10","975.50","949.00","7.97M","2.91%"
"Jun 28, 2018","944.95","962.00","968.50","940.30","8.58M","-2.16%"
"Jun 27, 2018","965.85","978.50","985.40","962.70","8.96M","-1.34%"
"Jun 26, 2018","978.95","1,006.00","1,006.00","975.25","8.07M","-2.54%"
"Jun 25, 2018","1,004.45","1,011.40","1,016.50","1,002.30","5.20M","-0.80%"
"Jun 22, 2018","1,012.50","1,028.40","1,029.20","1,008.45","16.17M","-1.88%"
"Jun 21, 2018","1,031.95","1,023.45","1,036.00","1,021.30","10.51M","1.25%"
"Jun 20, 2018","1,019.25","996.00","1,022.90","994.85","7.19M","2.33%"
"Jun 19, 2018","996.05","1,013.90","1,014.80","993.65","6.35M","-1.92%"
"Jun 18, 2018","1,015.55","1,008.80","1,020.45","1,007.00","5.65M","0.13%"
"Jun 15, 2018","1,014.20","1,006.00","1,023.50","999.25","11.29M","0.62%"
"Jun 14, 2018","1,007.95","997.45","1,011.80","987.40","5.48M","0.54%"
"Jun 13, 2018","1,002.50","1,000.00","1,005.90","989.50","5.93M","0.54%"
"Jun 12, 2018","997.15","983.40","1,000.00","980.30","7.45M","1.48%"
"Jun 11, 2018","982.65","987.10","999.95","979.05","6.87M","-0.17%"
"Jun 08, 2018","984.35","966.35","986.55","960.60","6.53M","1.34%"
"Jun 07, 2018","971.35","954.90","976.00","954.45","6.86M","1.78%"
"Jun 06, 2018","954.40","947.00","956.00","942.65","4.19M","0.71%"
"Jun 05, 2018","947.65","942.80","955.00","941.00","7.97M","0.72%"
"Jun 04, 2018","940.85","933.40","944.00","930.55","5.60M","1.11%"
"Jun 01, 2018","930.55","920.00","935.75","918.45","8.77M","1.00%"
"May 31, 2018","921.35","921.00","922.30","914.55","16.95M","0.57%"
"May 30, 2018","916.10","914.85","923.20","906.60","5.99M","-0.15%"
"May 29, 2018","917.45","921.50","928.00","914.40","8.17M","-0.32%"
"May 28, 2018","920.40","924.90","927.00","918.10","5.20M","-0.04%"
"May 25, 2018","920.80","916.00","923.40","914.45","8.13M","0.54%"
"May 24, 2018","915.85","914.00","921.00","910.15","5.32M","0.39%"
"May 23, 2018","912.25","926.00","926.00","909.15","4.57M","-1.56%"
"May 22, 2018","926.75","933.15","934.00","925.00","5.17M","-0.49%"
"May 21, 2018","931.35","930.75","935.70","922.10","6.62M","-0.27%"
"May 18, 2018","933.85","945.60","953.50","932.00","5.23M","-1.22%"
"May 17, 2018","945.35","959.35","960.00","941.50","4.73M","-1.13%"
"May 16, 2018","956.15","974.00","974.00","952.45","8.61M","-2.33%"
"May 15, 2018","978.95","983.05","1,000.00","976.65","4.80M","-0.78%"
"May 14, 2018","986.60","991.95","991.95","976.70","2.58M","-0.27%"
"May 11, 2018","989.25","981.25","991.30","977.75","4.01M","0.83%"
"May 10, 2018","981.15","980.00","984.60","974.25","4.01M","0.46%"
"May 09, 2018","976.70","965.90","984.30","962.25","4.49M","0.99%"
"May 08, 2018","967.10","977.50","982.00","965.20","4.93M","-0.40%"
"May 07, 2018","971.00","958.85","973.25","956.35","3.51M","1.79%"
"May 04, 2018","953.95","962.85","964.70","950.00","3.80M","-0.80%"
"May 03, 2018","961.60","977.90","977.90","959.25","3.95M","-1.14%"
"May 02, 2018","972.70","967.00","979.20","965.05","6.12M","0.98%"
"Apr 30, 2018","963.30","982.00","992.60","960.00","8.87M","-3.31%"
"Apr 27, 2018","996.30","989.80","1,011.00","985.50","11.67M","2.15%"
"Apr 26, 2018","975.35","973.00","988.00","962.25","15.59M","0.50%"
"Apr 25, 2018","970.50","973.65","981.80","963.55","6.44M","0.05%"
"Apr 24, 2018","970.05","935.80","975.70","935.00","9.11M","3.64%"
"Apr 23, 2018","936.00","930.00","944.35","928.50","3.51M","0.87%"
"Apr 20, 2018","927.90","938.00","941.85","921.20","3.35M","-1.53%"
"Apr 19, 2018","942.30","939.10","945.00","935.00","4.48M","0.46%"
"Apr 18, 2018","938.00","945.25","948.20","935.05","3.37M","-0.66%"
"Apr 17, 2018","944.25","940.00","947.20","936.00","4.39M","0.77%"
"Apr 16, 2018","937.05","934.45","940.00","928.50","4.08M","-0.19%"
"Apr 13, 2018","938.85","932.70","941.70","928.70","5.77M","1.09%"
"Apr 12, 2018","928.70","929.85","936.65","924.20","4.95M","-0.23%"
"Apr 11, 2018","930.85","921.80","932.75","916.05","6.01M","1.50%"
"Apr 10, 2018","917.05","918.40","923.90","914.15","3.87M","0.11%"
"Apr 09, 2018","916.00","912.55","919.00","912.55","3.57M","0.55%"
"Apr 06, 2018","911.00","908.00","918.50","905.00","4.42M","0.31%"
"Apr 05, 2018","908.20","905.10","910.00","903.50","3.90M","1.49%"
"Apr 04, 2018","894.90","904.70","911.80","892.05","6.50M","-0.52%"
"Apr 03, 2018","899.55","891.00","901.70","885.25","6.36M","0.74%"
"Apr 02, 2018","892.95","893.00","900.95","886.50","5.71M","1.16%"
"Mar 28, 2018","882.70","895.80","895.85","880.00","8.76M","-1.90%"
"Mar 27, 2018","899.80","907.20","910.75","897.00","6.94M","-0.14%"
"Mar 26, 2018","901.10","893.95","904.30","892.50","6.05M","0.81%"
"Mar 23, 2018","893.90","890.60","900.00","889.10","10.73M","-1.57%"
"Mar 22, 2018","908.15","896.00","911.95","895.75","10.12M","1.25%"
"Mar 21, 2018","896.90","894.85","902.35","893.30","6.73M","0.80%"
"Mar 20, 2018","889.80","893.30","904.00","887.05","6.95M","-0.64%"
"Mar 19, 2018","895.50","901.00","906.90","892.00","5.77M","-0.51%"
"Mar 16, 2018","900.05","909.00","909.70","886.05","14.09M","-1.29%"
"Mar 15, 2018","911.80","925.00","929.45","910.00","5.81M","-1.86%"
"Mar 14, 2018","929.05","928.80","932.05","919.20","6.73M","-0.30%"
"Mar 13, 2018","931.85","931.90","936.00","921.35","5.10M","0.17%"
"Mar 12, 2018","930.30","920.00","933.10","917.55","3.80M","1.88%"
"Mar 09, 2018","913.10","914.90","919.35","911.05","4.86M","0.18%"
"Mar 08, 2018","911.45","897.65","914.50","893.30","6.07M","2.44%"
"Mar 07, 2018","889.75","909.25","909.25","888.05","7.25M","-2.32%"
"Mar 06, 2018","910.85","929.00","936.20","905.10","7.32M","-1.43%"
"Mar 05, 2018","924.10","943.00","950.15","921.60","5.63M","-2.56%"
"Mar 01, 2018","948.40","949.75","959.90","945.95","4.09M","-0.64%"
"Feb 28, 2018","954.55","945.95","957.10","943.20","25.90M","0.43%"
"Feb 27, 2018","950.50","939.00","955.80","938.35","6.41M","1.26%"
"Feb 26, 2018","938.70","939.00","944.90","936.60","3.86M","0.48%"
"Feb 23, 2018","934.25","925.40","938.00","922.75","4.85M","1.07%"
"Feb 22, 2018","924.35","922.00","931.00","920.00","5.12M","-0.54%"
"Feb 21, 2018","929.35","930.00","932.50","922.15","5.45M","0.90%"
"Feb 20, 2018","921.10","929.00","929.55","918.80","3.87M","-0.64%"
"Feb 19, 2018","927.00","921.00","932.00","913.55","4.09M","0.62%"
"Feb 16, 2018","921.30","939.60","942.60","918.10","4.40M","-1.53%"
"Feb 15, 2018","935.65","937.65","945.75","928.15","6.11M","0.21%"
"Feb 14, 2018","933.65","923.00","942.50","921.00","10.17M","1.98%"
"Feb 12, 2018","915.50","903.00","918.20","902.05","5.43M","1.97%"
"Feb 09, 2018","897.85","889.00","902.00","886.00","5.29M","-0.74%"
"Feb 08, 2018","904.55","897.90","910.65","892.35","6.32M","1.13%"
"Feb 07, 2018","894.40","902.55","905.40","890.00","7.10M","0.26%"
"Feb 06, 2018","892.10","877.00","898.00","871.00","11.00M","-1.11%"
"Feb 05, 2018","902.15","894.00","912.50","881.80","8.77M","-0.24%"
"Feb 02, 2018","904.35","935.00","943.95","901.00","13.24M","-4.18%"
"Feb 01, 2018","943.85","963.25","972.60","936.60","7.55M","-1.82%"
"Jan 31, 2018","961.30","950.00","964.50","941.55","5.74M","1.15%"
"Jan 30, 2018","950.40","965.80","965.80","949.00","4.20M","-1.46%"
"Jan 29, 2018","964.50","966.20","977.30","959.30","4.52M","-0.14%"
"Jan 25, 2018","965.90","967.90","972.00","956.15","6.25M","-0.05%"
"Jan 24, 2018","966.35","981.75","981.75","962.65","6.53M","-1.72%"
"Jan 23, 2018","983.25","975.00","990.95","975.00","10.30M","1.21%"
"Jan 22, 2018","971.50","948.00","974.30","940.00","20.89M","4.32%"
"Jan 19, 2018","931.30","923.00","934.40","922.10","4.56M","1.26%"
"Jan 18, 2018","919.70","929.00","929.60","915.10","4.29M","-0.52%"
"Jan 17, 2018","924.50","926.00","929.00","907.00","6.04M","0.17%"
"Jan 16, 2018","922.95","947.70","947.70","920.00","4.95M","-2.76%"
"Jan 15, 2018","949.15","950.00","958.50","945.20","5.08M","0.02%"
"Jan 12, 2018","949.00","943.00","952.80","938.25","6.89M","1.20%"
"Jan 11, 2018","937.75","941.80","942.65","935.00","3.59M","-0.49%"
"Jan 10, 2018","942.35","943.00","947.40","935.50","5.36M","0.15%"
"Jan 09, 2018","940.95","928.15","943.90","924.00","6.53M","1.34%"
"Jan 08, 2018","928.55","926.10","931.00","923.50","4.04M","0.57%"
"Jan 05, 2018","923.25","921.80","926.90","920.25","3.40M","0.32%"
"Jan 04, 2018","920.30","918.15","921.80","915.70","4.12M","0.60%"
"Jan 03, 2018","914.80","925.00","926.00","913.05","6.18M","0.40%"
"Jan 02, 2018","911.15","913.00","919.55","906.40","4.34M","0.15%"
"Jan 01, 2018","909.75","922.70","922.70","907.50","4.32M","-1.23%"
"Dec 29, 2017","921.05","926.50","932.30","918.50","5.07M","-0.34%"
"Dec 28, 2017","924.20","925.25","934.40","919.10","7.09M","0.05%"
"Dec 27, 2017","923.75","933.00","937.50","919.00","4.35M","-0.65%"
"Dec 26, 2017","929.80","924.85","938.90","918.15","5.30M","1.02%"
"Dec 22, 2017","920.40","914.65","922.40","909.30","4.87M","0.82%"
"Dec 21, 2017","912.95","918.45","923.95","910.00","4.15M","-0.57%"
"Dec 20, 2017","918.15","925.90","927.40","917.00","4.77M","-0.84%"
"Dec 19, 2017","925.95","923.60","927.00","920.00","4.06M","0.54%"
"Dec 18, 2017","921.00","911.95","932.65","862.65","8.49M","0.14%"
"Dec 15, 2017","919.75","931.00","932.95","917.70","11.16M","-0.19%"
"Dec 14, 2017","921.50","919.00","924.90","908.75","5.02M","0.75%"
"Dec 13, 2017","914.65","916.90","924.95","910.70","4.18M","-0.10%"
"Dec 12, 2017","915.60","915.95","929.00","908.00","7.22M","-0.06%"
"Dec 11, 2017","916.15","922.45","926.00","913.55","4.93M","-0.53%"
"Dec 08, 2017","921.00","933.85","936.95","919.05","5.59M","-1.13%"
"Dec 07, 2017","931.55","930.05","936.00","923.00","5.53M","0.53%"
"Dec 06, 2017","926.65","910.00","930.30","908.80","11.01M","1.42%"
"Dec 05, 2017","913.70","901.05","920.75","895.45","8.37M","1.34%"
"Dec 04, 2017","901.60","913.50","913.80","897.35","4.62M","-0.93%"
"Dec 01, 2017","910.10","924.45","931.25","907.70","5.08M","-1.24%"
"Nov 30, 2017","921.55","941.45","941.45","919.50","9.43M","-2.58%"
"Nov 29, 2017","946.00","941.85","950.00","941.00","3.67M","0.28%"
"Nov 28, 2017","943.35","949.85","951.35","938.10","4.64M","-0.84%"
"Nov 27, 2017","951.35","947.25","957.50","944.00","4.68M","0.03%"
"Nov 24, 2017","951.10","950.00","959.50","947.40","6.39M","0.43%"
"Nov 23, 2017","947.00","931.00","949.90","926.65","7.33M","1.75%"
"Nov 22, 2017","930.75","937.45","938.65","923.45","5.06M","-0.19%"
"Nov 21, 2017","932.55","926.80","939.65","925.50","5.98M","1.27%"
"Nov 20, 2017","920.85","906.20","924.35","905.00","4.22M","0.98%"
"Nov 17, 2017","911.90","918.95","924.90","908.50","5.59M","0.89%"
"Nov 16, 2017","903.85","885.50","906.00","885.50","6.93M","2.28%"
"Nov 15, 2017","883.70","884.50","890.60","877.95","6.98M","-0.34%"
"Nov 14, 2017","886.70","875.00","895.00","873.00","5.71M","1.31%"
"Nov 13, 2017","875.25","885.00","891.90","873.50","4.16M","-0.97%"
"Nov 10, 2017","883.85","900.95","900.95","879.20","6.37M","-1.85%"
"Nov 09, 2017","900.50","894.75","909.90","892.05","6.86M","1.43%"
"Nov 08, 2017","887.80","902.50","906.00","884.10","8.12M","-2.08%"
"Nov 07, 2017","906.70","933.35","935.00","903.05","9.35M","-2.77%"
"Nov 06, 2017","932.50","942.50","942.50","929.00","4.46M","-1.35%"
"Nov 03, 2017","945.30","955.95","955.95","940.15","2.19M","-0.14%"
"Nov 02, 2017","946.60","952.80","956.50","944.25","4.70M","-0.62%"
"Nov 01, 2017","952.55","947.75","957.80","945.75","8.03M","1.24%"
"Oct 31, 2017","940.85","944.95","945.75","932.20","4.35M","-0.18%"
"Oct 30, 2017","942.50","934.00","945.55","930.60","3.58M","1.36%"
"Oct 27, 2017","929.85","950.00","956.70","925.70","5.26M","-1.85%"
"Oct 26, 2017","947.40","940.00","957.80","931.00","7.70M","0.80%"
"Oct 25, 2017","939.90","940.10","945.90","929.50","4.58M","0.60%"
"Oct 24, 2017","934.25","947.70","947.70","928.20","6.34M","-0.59%"
"Oct 23, 2017","939.75","912.90","944.70","909.10","12.55M","3.28%"
"Oct 19, 2017","909.90","915.80","921.90","903.00","3.66M","-0.50%"
"Oct 18, 2017","914.50","877.40","917.90","875.00","16.77M","4.59%"
"Oct 17, 2017","874.35","878.00","884.00","867.20","6.35M","-0.28%"
"Oct 16, 2017","876.80","879.00","892.00","861.30","14.63M","0.04%"
"Oct 13, 2017","876.45","879.30","890.70","873.35","9.83M","0.42%"
"Oct 12, 2017","872.75","842.10","876.80","842.10","8.52M","3.88%"
"Oct 11, 2017","840.15","845.30","858.40","836.00","7.05M","-0.36%"
"Oct 10, 2017","843.20","831.00","847.30","831.00","6.73M","1.51%"
"Oct 09, 2017","830.65","839.00","839.80","828.00","4.05M","-0.76%"
"Oct 06, 2017","837.05","824.00","839.35","822.60","5.94M","1.57%"
"Oct 05, 2017","824.15","825.00","828.45","818.65","4.86M","0.65%"
"Oct 04, 2017","818.85","799.20","824.95","795.60","8.64M","2.57%"
"Oct 03, 2017","798.35","795.00","803.85","785.35","8.39M","2.23%"
"Sep 29, 2017","780.90","791.75","793.40","779.10","7.62M","-0.71%"
"Sep 28, 2017","786.45","799.65","802.90","780.20","13.51M","-1.59%"
"Sep 27, 2017","799.15","825.60","825.70","795.50","8.43M","-2.55%"
"Sep 26, 2017","820.10","821.70","827.05","812.20","4.83M","-0.18%"
"Sep 25, 2017","821.55","815.00","827.95","805.20","6.51M","0.51%"
"Sep 22, 2017","817.40","839.90","839.90","813.20","5.62M","-2.85%"
"Sep 21, 2017","841.35","847.00","851.70","836.25","5.92M","-0.68%"
"Sep 20, 2017","847.15","856.10","872.50","845.10","11.40M","1.02%"
"Sep 19, 2017","838.60","848.70","848.75","837.00","3.53M","-0.82%"
"Sep 18, 2017","845.55","850.00","851.05","843.10","2.31M","0.45%"
"Sep 15, 2017","841.80","842.00","852.85","834.75","13.07M","-0.24%"
"Sep 14, 2017","843.85","855.80","861.50","842.00","5.43M","-0.61%"
"Sep 13, 2017","849.00","824.00","859.90","822.00","13.43M","3.07%"
"Sep 12, 2017","823.75","822.75","825.00","817.00","2.97M","0.72%"
"Sep 11, 2017","817.90","821.30","826.85","816.55","5.80M","0.12%"
"Sep 08, 2017","816.90","820.00","823.25","812.10","6.06M","-0.15%"
"Sep 07, 2017","818.10","823.00","832.50","815.00","7.41M","-0.56%"
"Sep 06, 2017","822.70","813.20","826.25","811.40","22.29M","0.78%"
"Sep 05, 2017","816.30","815.00","817.42","810.52","11.53M","1.19%"
"Sep 04, 2017","806.67","807.75","818.08","797.92","9.86M","0.20%"
"Sep 01, 2017","805.05","799.92","808.30","799.50","7.05M","0.98%"
"Aug 31, 2017","797.25","787.50","798.73","787.00","11.48M","1.94%"
"Aug 30, 2017","782.05","773.77","784.40","770.62","4.72M","2.08%"
"Aug 29, 2017","766.08","780.92","783.75","765.00","6.93M","-2.19%"
"Aug 28, 2017","783.27","789.52","790.98","780.60","5.63M","-0.10%"
"Aug 24, 2017","784.02","795.00","796.55","782.25","5.79M","-0.88%"
"Aug 23, 2017","791.02","782.42","793.27","776.58","3.80M","1.41%"
"Aug 22, 2017","780.02","786.00","789.95","778.02","4.36M","-0.28%"
"Aug 21, 2017","782.20","788.50","792.08","780.12","3.46M","-0.70%"
"Aug 18, 2017","787.70","782.00","788.90","776.58","3.63M","0.53%"
"Aug 17, 2017","783.55","784.50","798.83","780.58","7.24M","0.06%"
"Aug 16, 2017","783.05","786.00","788.00","775.10","6.21M","-0.44%"
"Aug 14, 2017","786.52","780.50","792.25","780.50","6.14M","1.73%"
"Aug 11, 2017","773.12","775.48","790.00","766.50","7.77M","-2.40%"
"Aug 10, 2017","792.17","796.52","803.33","788.98","4.66M","-0.90%"
"Aug 09, 2017","799.40","800.75","810.00","792.50","4.77M","-0.23%"
"Aug 08, 2017","801.27","809.00","810.52","793.40","5.01M","-0.85%"
"Aug 07, 2017","808.17","815.80","815.80","806.27","4.36M","-0.36%"
"Aug 04, 2017","811.08","831.50","831.50","807.55","8.49M","-1.69%"
"Aug 03, 2017","825.05","813.42","832.45","808.52","9.01M","1.28%"
"Aug 02, 2017","814.60","805.00","817.85","804.05","9.50M","1.60%"
"Aug 01, 2017","801.80","811.38","811.38","795.75","5.63M","-0.72%"
"Jul 31, 2017","807.60","800.98","809.40","798.00","7.57M","1.30%"
"Jul 28, 2017","797.23","795.62","802.98","789.00","6.55M","-0.02%"
"Jul 27, 2017","797.40","814.00","815.75","794.17","8.42M","-1.72%"
"Jul 26, 2017","811.38","802.10","814.95","800.55","10.04M","1.29%"
"Jul 25, 2017","801.08","812.35","812.48","798.80","9.17M","-0.81%"
"Jul 24, 2017","807.62","800.00","812.45","792.50","19.85M","1.91%"
"Jul 21, 2017","792.50","775.00","795.85","772.48","44.41M","3.67%"
"Jul 20, 2017","764.45","769.88","775.00","761.85","6.23M","-0.26%"
"Jul 19, 2017","766.48","756.30","769.00","756.30","5.39M","0.86%"
"Jul 18, 2017","759.95","773.40","775.90","755.50","8.98M","-2.05%"
"Jul 17, 2017","775.88","768.50","779.80","768.50","8.57M","1.17%"
"Jul 14, 2017","766.88","760.00","768.00","757.77","9.39M","0.77%"
"Jul 13, 2017","761.05","754.38","762.50","753.08","10.52M","0.73%"
"Jul 12, 2017","755.55","749.70","762.50","748.75","7.82M","1.12%"
"Jul 11, 2017","747.17","750.50","752.20","743.50","9.60M","0.10%"
"Jul 10, 2017","746.42","765.00","775.00","744.55","1.63M","0.11%"
"Jul 07, 2017","745.58","721.50","748.88","720.00","16.39M","3.37%"
"Jul 06, 2017","721.27","724.35","725.00","719.00","6.21M","-0.01%"
"Jul 05, 2017","721.33","714.73","723.73","712.00","12.44M","1.46%"
"Jul 04, 2017","710.98","695.00","713.55","694.50","8.60M","2.96%"
"Jul 03, 2017","690.52","694.10","697.35","685.50","4.20M","0.08%"
"Jun 30, 2017","690.00","696.00","696.20","687.52","3.57M","-0.91%"
"Jun 29, 2017","696.35","700.00","705.00","695.05","5.90M","-0.41%"
"Jun 28, 2017","699.25","719.98","719.98","697.77","7.12M","-2.69%"
"Jun 27, 2017","718.58","716.00","721.50","712.50","14.90M","0.09%"
"Jun 23, 2017","717.92","718.00","721.00","715.30","14.24M","0.22%"
"Jun 22, 2017","716.33","714.73","722.70","713.85","10.11M","0.75%"
"Jun 21, 2017","711.00","703.90","714.00","702.12","9.14M","0.68%"
"Jun 20, 2017","706.17","704.50","711.05","703.73","4.64M","0.22%"
"Jun 19, 2017","704.62","695.10","707.90","695.10","6.97M","1.47%"
"Jun 16, 2017","694.40","694.55","697.90","684.65","14.95M","0.35%"
"Jun 15, 2017","691.98","680.00","697.50","679.55","12.93M","1.95%"
"Jun 14, 2017","678.75","657.95","680.00","657.95","24.20M","3.28%"
"Jun 13, 2017","657.17","660.30","663.50","655.50","2.75M","-0.39%"
"Jun 12, 2017","659.73","663.27","664.88","658.50","3.86M","-1.22%"
"Jun 09, 2017","667.85","672.55","676.48","665.50","6.33M","0.30%"
"Jun 08, 2017","665.85","670.00","672.40","664.02","3.61M","-0.55%"
"Jun 07, 2017","669.50","655.60","671.00","654.50","5.12M","2.00%"
"Jun 06, 2017","656.40","666.98","666.98","655.50","4.38M","-1.24%"
"Jun 05, 2017","664.67","663.12","670.50","657.92","4.95M","0.35%"
"Jun 02, 2017","662.38","667.50","669.35","658.50","5.26M","-0.26%"
"Jun 01, 2017","664.12","666.35","670.00","661.50","4.36M","-0.93%"
"May 31, 2017","670.35","683.50","683.98","667.90","7.51M","-1.37%"
"May 30, 2017","679.67","677.95","682.35","674.25","4.42M","0.18%"
"May 29, 2017","678.45","668.50","682.73","667.80","10.98M","1.47%"
"May 26, 2017","668.65","651.98","672.20","650.00","9.80M","2.67%"
"May 25, 2017","651.23","650.00","656.20","648.23","11.85M","0.37%"
"May 24, 2017","648.85","653.75","656.85","647.55","6.55M","-0.60%"
"May 23, 2017","652.77","662.85","664.92","651.00","4.22M","-1.41%"
"May 22, 2017","662.08","663.25","666.80","657.60","4.02M","0.40%"
"May 19, 2017","659.42","666.50","667.85","655.00","5.86M","-0.64%"
"May 18, 2017","663.67","670.12","675.00","662.05","4.48M","-1.90%"
"May 17, 2017","676.55","676.50","682.98","673.88","4.50M","-0.24%"
"May 16, 2017","678.15","673.02","688.45","670.50","5.79M","0.91%"
"May 15, 2017","672.05","678.20","678.20","666.75","3.08M","-0.47%"
"May 12, 2017","675.23","680.02","682.00","672.02","3.44M","-0.67%"
"May 11, 2017","679.77","682.05","684.88","675.83","6.30M","0.03%"
"May 10, 2017","679.55","667.40","681.80","665.33","10.47M","2.16%"
"May 09, 2017","665.17","662.00","666.83","660.12","9.65M","0.68%"
"May 08, 2017","660.70","665.00","669.75","659.17","7.35M","-0.51%"
"May 05, 2017","664.12","680.80","683.67","662.50","7.13M","-2.19%"
"May 04, 2017","678.98","687.50","689.80","677.02","6.57M","-0.89%"
"May 03, 2017","685.05","688.45","690.38","682.50","4.34M","-0.03%"
"May 02, 2017","685.27","701.00","701.00","683.15","8.50M","-1.77%"
"Apr 28, 2017","697.60","704.88","710.15","695.50","5.42M","-1.01%"
"Apr 27, 2017","704.75","708.50","712.08","701.10","5.75M","-0.49%"
"Apr 26, 2017","708.23","717.50","720.02","701.30","7.66M","-1.14%"
"Apr 25, 2017","716.40","730.00","733.88","713.05","16.81M","1.09%"
"Apr 24, 2017","708.70","704.52","717.50","700.10","11.66M","1.06%"
"Apr 21, 2017","701.25","690.25","710.50","689.27","13.82M","2.41%"
"Apr 20, 2017","684.77","689.50","693.40","682.05","3.84M","0.05%"
"Apr 19, 2017","684.40","684.50","691.27","678.77","5.29M","-0.10%"
"Apr 18, 2017","685.10","699.98","705.00","683.50","7.32M","-1.55%"
"Apr 17, 2017","695.92","682.50","697.77","682.50","5.41M","1.98%"
"Apr 13, 2017","682.40","677.00","686.70","673.67","5.81M","0.80%"
"Apr 12, 2017","677.00","691.40","693.23","675.58","12.55M","-1.34%"
"Apr 11, 2017","686.17","693.92","700.23","685.05","14.74M","-0.65%"
"Apr 10, 2017","690.67","705.00","712.45","688.65","14.07M","-1.80%"
"Apr 07, 2017","703.30","710.65","717.00","701.27","14.57M","-2.22%"
"Apr 06, 2017","719.25","704.50","724.45","701.10","23.14M","1.66%"
"Apr 05, 2017","707.50","697.60","709.00","690.05","18.43M","2.93%"
"Apr 03, 2017","687.33","671.00","690.25","668.52","20.52M","4.07%"
"Mar 31, 2017","660.45","633.00","668.83","633.00","20.75M","3.95%"
"Mar 30, 2017","635.33","627.50","637.38","626.50","12.74M","1.11%"
"Mar 29, 2017","628.33","625.85","630.00","616.67","8.65M","0.87%"
"Mar 28, 2017","622.88","629.00","632.00","621.05","9.92M","-0.43%"
"Mar 27, 2017","625.55","635.55","639.38","623.60","14.84M","-2.77%"
"Mar 24, 2017","643.38","637.05","646.00","634.23","7.44M","1.06%"
"Mar 23, 2017","636.65","631.58","638.77","629.00","5.40M","1.08%"
"Mar 22, 2017","629.85","626.00","632.95","623.27","9.28M","-0.32%"
"Mar 21, 2017","631.90","641.10","641.95","629.65","10.33M","-1.33%"
"Mar 20, 2017","640.40","653.00","653.12","639.17","5.88M","-1.53%"
"Mar 17, 2017","650.35","654.00","659.98","649.02","10.39M","0.23%"
"Mar 16, 2017","648.83","655.00","655.20","646.80","7.28M","-0.56%"
"Mar 15, 2017","652.48","645.52","658.15","645.20","11.02M","1.20%"
"Mar 14, 2017","644.75","659.38","659.50","642.62","12.69M","0.61%"
"Mar 10, 2017","640.83","645.12","648.00","630.60","11.33M","-0.40%"
"Mar 09, 2017","643.38","645.00","649.00","640.75","14.22M","-0.34%"
"Mar 08, 2017","645.60","653.85","653.85","643.05","19.81M","-1.05%"
"Mar 07, 2017","652.48","659.42","663.50","648.08","19.23M","-0.03%"
"Mar 06, 2017","652.67","634.50","656.00","632.62","30.50M","3.72%"
"Mar 03, 2017","629.27","620.77","643.90","620.77","38.54M","1.76%"
"Mar 02, 2017","618.38","618.95","627.35","613.52","8.26M","0.18%"
"Mar 01, 2017","617.25","620.05","622.20","615.00","11.15M","-0.29%"
"Feb 28, 2017","619.02","616.00","624.00","614.25","16.51M","-0.07%"
"Feb 27, 2017","619.45","595.25","628.40","595.17","38.14M","4.75%"
"Feb 23, 2017","591.38","606.80","611.00","589.67","28.46M","-2.05%"
"Feb 22, 2017","603.75","546.50","605.83","546.00","58.21M","10.96%"
"Feb 21, 2017","544.10","537.60","545.48","536.52","6.49M","1.19%"
"Feb 20, 2017","537.70","535.27","539.42","533.25","5.33M","-0.01%"
"Feb 17, 2017","537.75","533.25","539.10","529.23","6.79M","0.75%"
"Feb 16, 2017","533.75","526.27","534.73","526.27","8.99M","1.54%"
"Feb 15, 2017","525.65","526.45","528.75","522.62","6.97M","0.14%"
"Feb 14, 2017","524.90","517.50","526.45","514.95","8.34M","1.94%"
"Feb 13, 2017","514.92","516.50","517.00","511.00","3.92M","-0.03%"
"Feb 10, 2017","515.08","517.50","517.77","512.77","5.72M","-0.25%"
"Feb 09, 2017","516.38","514.00","517.00","513.40","4.51M","0.74%"
"Feb 08, 2017","512.58","515.45","519.12","511.00","7.42M","-0.56%"
"Feb 07, 2017","515.45","521.00","521.17","513.60","4.53M","-1.03%"
"Feb 06, 2017","520.83","518.50","522.45","516.02","4.57M","0.77%"
"Feb 03, 2017","516.83","523.00","525.23","515.05","6.04M","-0.94%"
"Feb 02, 2017","521.75","525.00","525.40","519.12","4.16M","-0.59%"
"Feb 01, 2017","524.83","523.05","525.45","517.60","5.17M","0.43%"
"Jan 31, 2017","522.60","523.42","526.90","520.15","6.91M","0.04%"
"Jan 30, 2017","522.40","512.48","523.23","512.40","7.17M","1.92%"
"Jan 27, 2017","512.55","510.12","514.45","509.50","9.99M","0.77%"
"Jan 25, 2017","508.65","516.00","516.35","508.07","10.91M","-0.97%"
"Jan 24, 2017","513.65","508.50","514.40","508.50","4.31M","1.12%"
"Jan 23, 2017","507.95","510.90","515.50","506.40","6.27M","-0.97%"
"Jan 20, 2017","512.90","516.98","518.73","511.95","4.02M","-0.76%"
"Jan 19, 2017","516.85","517.58","522.65","515.50","6.99M","0.11%"
"Jan 18, 2017","516.27","521.30","524.00","514.38","7.25M","-0.84%"
"Jan 17, 2017","520.62","532.50","534.00","519.25","17.94M","-3.25%"
"Jan 16, 2017","538.12","544.98","546.98","536.98","5.49M","-1.30%"
"Jan 13, 2017","545.20","542.27","548.75","542.27","3.31M","0.66%"
"Jan 12, 2017","541.65","543.50","545.17","539.90","2.00M","-0.25%"
"Jan 11, 2017","543.02","547.50","547.85","542.00","5.25M","-0.35%"
"Jan 10, 2017","544.92","540.00","547.20","540.00","5.19M","1.13%"
"Jan 09, 2017","538.85","538.50","543.00","535.50","2.39M","0.25%"
"Jan 06, 2017","537.48","537.10","542.50","536.55","3.59M","-0.23%"
"Jan 05, 2017","538.70","535.50","539.95","534.38","3.99M","0.96%"
"Jan 04, 2017","533.58","546.45","546.50","532.15","4.75M","-2.04%"
"Jan 03, 2017","544.70","544.92","548.50","540.55","2.94M","0.40%"
"Jan 02, 2017","542.55","542.00","545.00","536.17","3.24M","0.25%"
"Dec 30, 2016","541.20","532.40","542.50","531.55","7.18M","1.59%"
"Dec 29, 2016","532.73","525.00","534.40","524.75","4.01M","1.50%"
"Dec 28, 2016","524.85","533.95","534.77","523.55","4.41M","-1.41%"
"Dec 27, 2016","532.35","523.92","533.55","523.50","7.97M","1.65%"
"Dec 26, 2016","523.73","527.17","533.00","522.33","7.00M","-0.93%"
"Dec 23, 2016","528.65","526.00","534.48","526.00","4.69M","0.38%"
"Dec 22, 2016","526.67","529.00","531.33","525.48","13.21M","-0.93%"
"Dec 21, 2016","531.62","530.05","533.65","528.60","9.31M","0.50%"
"Dec 20, 2016","528.95","527.35","530.50","526.58","5.34M","-0.44%"
"Dec 19, 2016","531.27","527.50","533.48","527.17","6.86M","0.51%"
"Dec 16, 2016","528.58","526.00","531.00","526.00","6.83M","0.40%"
"Dec 15, 2016","526.48","526.20","533.80","524.33","8.84M","-0.62%"
"Dec 14, 2016","529.75","519.90","532.23","519.10","11.04M","1.89%"
"Dec 13, 2016","519.90","514.00","520.50","513.77","4.74M","1.23%"
"Dec 12, 2016","513.60","510.25","520.85","510.25","4.13M","-0.17%"
"Dec 09, 2016","514.48","511.00","515.92","510.15","3.77M","0.87%"
"Dec 08, 2016","510.02","502.52","510.90","502.18","4.00M","2.09%"
"Dec 07, 2016","499.57","502.00","503.80","498.18","2.25M","-0.60%"
"Dec 06, 2016","502.60","498.00","503.27","497.30","3.08M","1.14%"
"Dec 05, 2016","496.93","497.50","499.85","493.25","1.82M","-0.09%"
"Dec 02, 2016","497.38","497.95","502.50","495.90","5.71M","-0.30%"
"Dec 01, 2016","498.88","500.00","507.50","497.50","5.77M","0.78%"
"Nov 30, 2016","495.02","499.98","499.98","493.32","12.62M","-0.77%"
"Nov 29, 2016","498.85","494.50","502.15","494.02","4.52M","1.12%"
"Nov 28, 2016","493.32","496.50","500.30","492.05","3.80M","-0.71%"
"Nov 25, 2016","496.85","495.00","497.95","492.18","4.78M","0.64%"
"Nov 24, 2016","493.68","502.77","502.77","491.10","8.65M","-2.14%"
"Nov 23, 2016","504.50","502.50","505.25","499.77","5.99M","0.75%"
"Nov 22, 2016","500.73","498.85","503.90","496.65","8.07M","1.00%"
"Nov 21, 2016","495.75","493.77","496.77","491.60","6.05M","0.41%"
"Nov 18, 2016","493.75","492.50","496.35","491.00","8.30M","1.00%"
"Nov 17, 2016","488.88","493.00","499.07","487.20","5.77M","-0.89%"
"Nov 16, 2016","493.27","497.50","498.40","490.35","7.57M","0.12%"
"Nov 15, 2016","492.70","498.25","500.00","489.77","6.62M","-1.63%"
"Nov 11, 2016","500.88","498.93","508.75","497.55","6.75M","-0.86%"
"Nov 10, 2016","505.20","509.30","514.48","503.50","4.46M","0.58%"
"Nov 09, 2016","502.30","475.00","504.50","465.00","9.89M","0.11%"
"Nov 08, 2016","501.75","502.85","502.85","499.15","6.14M","0.24%"
"Nov 07, 2016","500.57","507.00","508.27","499.52","4.35M","-0.44%"
"Nov 04, 2016","502.77","510.12","513.45","500.00","5.27M","-1.80%"
"Nov 03, 2016","511.98","511.93","517.38","510.30","3.34M","0.02%"
"Nov 02, 2016","511.88","520.50","521.42","510.50","3.22M","-2.59%"
"Nov 01, 2016","525.50","525.65","527.98","523.70","4.67M","-0.02%"
"Oct 30, 2016","525.60","529.38","529.38","523.15","724.34K","-0.36%"
"Oct 28, 2016","527.48","525.00","529.00","521.90","3.72M","0.60%"
"Oct 27, 2016","524.35","525.55","526.95","521.70","5.87M","-0.51%"
"Oct 26, 2016","527.02","528.02","529.73","526.05","5.00M","-0.64%"
"Oct 25, 2016","530.42","532.50","532.62","527.10","3.50M","-0.23%"
"Oct 24, 2016","531.65","535.00","537.00","530.33","4.81M","-0.08%"
"Oct 21, 2016","532.10","548.50","548.50","529.20","19.94M","-2.15%"
"Oct 20, 2016","543.77","546.98","549.00","542.02","4.63M","0.02%"
"Oct 19, 2016","543.67","542.23","547.35","540.70","7.81M","0.58%"
"Oct 18, 2016","540.55","533.00","541.38","531.02","5.06M","1.93%"
"Oct 17, 2016","530.33","540.00","540.40","529.38","4.49M","-1.58%"
"Oct 14, 2016","538.83","531.50","541.00","530.83","6.98M","1.94%"
"Oct 13, 2016","528.58","544.50","544.52","526.00","10.03M","-3.57%"
"Oct 10, 2016","548.17","557.00","561.00","547.00","5.28M","-1.14%"
"Oct 07, 2016","554.50","557.00","561.52","553.25","6.99M","-0.16%"
"Oct 06, 2016","555.40","546.00","563.12","546.00","9.65M","1.96%"
"Oct 05, 2016","544.70","552.00","553.25","542.90","4.93M","-0.63%"
"Oct 04, 2016","548.17","546.52","554.15","546.00","6.00M","0.52%"
"Oct 03, 2016","545.35","543.50","553.98","538.12","8.29M","0.65%"
"Sep 30, 2016","541.85","534.00","547.27","533.15","5.12M","1.05%"
"Sep 29, 2016","536.23","547.50","555.38","533.70","9.72M","-1.67%"
"Sep 28, 2016","545.33","553.95","554.00","543.15","11.35M","-1.79%"
"Sep 27, 2016","555.25","558.50","562.98","553.30","8.86M","0.30%"
"Sep 26, 2016","553.60","551.70","564.77","550.12","17.47M","0.40%"
"Sep 23, 2016","551.40","544.50","554.73","544.50","14.21M","1.27%"
"Sep 22, 2016","544.48","541.50","547.90","539.50","8.58M","1.56%"
"Sep 21, 2016","536.12","537.00","542.45","534.50","5.00M","-0.18%"
"Sep 20, 2016","537.10","542.00","542.38","534.52","5.27M","-0.76%"
"Sep 19, 2016","541.20","536.27","544.00","535.50","7.62M","0.64%"
"Sep 16, 2016","537.77","533.50","546.92","529.55","17.98M","0.99%"
"Sep 15, 2016","532.50","523.50","535.10","523.50","14.34M","1.94%"
"Sep 14, 2016","522.38","524.00","529.50","520.45","8.51M","-0.17%"
"Sep 12, 2016","523.25","515.20","528.00","514.58","15.40M","0.19%"